{
  "version": 1,
  "author": "MOHAMED MOSTAFA NAWARA",
  "editor": "wokwi",
  "parts": [
    { "type": "wokwi-breadboard", "id": "bb1", "top": -60.6, "left": -198.8, "attrs": {} },
    {
      "type": "wokwi-breadboard-half",
      "id": "bb2",
      "top": -109.5,
      "left": -639.9,
      "rotate": 90,
      "attrs": {}
    },
    {
      "type": "wokwi-pi-pico",
      "id": "pico",
      "top": -110.45,
      "left": -514.6,
      "rotate": 180,
      "attrs": { "env": "micropython-20231227-v1.22.0" }
    },
    {
      "type": "wokwi-pushbutton",
      "id": "btn1",
      "top": 18.6,
      "left": 108.6,
      "rotate": 90,
      "attrs": { "color": "blue" }
    },
    {
      "type": "wokwi-7segment",
      "id": "sevseg1",
      "top": 5.82,
      "left": -75.68,
      "attrs": { "digits": "4", "common": "anode" }
    },
    { "type": "wokwi-gnd", "id": "gnd1", "top": -124.8, "left": -643.8, "attrs": {} },
    {
      "type": "wokwi-slide-potentiometer",
      "id": "pot1",
      "top": -158,
      "left": 100,
      "rotate": 270,
      "attrs": { "travelLength": "30" }
    },
    {
      "type": "wokwi-ntc-temperature-sensor",
      "id": "ntc1",
      "top": -103.5,
      "left": 297.1,
      "rotate": 90,
      "attrs": {}
    },
    {
      "type": "wokwi-photoresistor-sensor",
      "id": "ldr1",
      "top": -115.5,
      "left": 205.7,
      "rotate": 90,
      "attrs": {}
    }
  ],
  "connections": [
    [ "bb1:24b.j", "bb1:bn.19", "black", [ "v0" ] ],
    [ "bb2:tp.1", "bb1:tp.1", "red", [ "v1.6", "h220.5", "v86.1" ] ],
    [ "bb2:tn.2", "bb1:tn.1", "black", [ "h0" ] ],
    [ "bb2:12t.a", "bb2:tn.10", "black", [ "h0" ] ],
    [ "bb2:tp.25", "bb2:bp.25", "red", [ "h-0.3", "v11.2", "h-172.8" ] ],
    [ "bb2:bn.25", "bb2:tn.25", "black", [ "h1.3", "v20.8", "h172.8" ] ],
    [ "gnd1:GND", "bb2:bn.1", "black", [ "v0" ] ],
    [ "bb1:tp.50", "bb1:bp.50", "red", [ "v0.3", "h18.4", "v163.2" ] ],
    [ "bb1:bn.50", "bb1:tn.50", "black", [ "v-1.3", "h28", "v-172.8" ] ],
    [ "bb1:19t.a", "bb2:24t.a", "#8f4814", [ "v-9.6", "h-220.8", "v96" ] ],
    [ "bb1:23t.a", "bb2:23t.a", "orange", [ "v-19.2", "h-268.8", "v96" ] ],
    [ "bb1:21b.j", "bb2:21t.a", "gold", [ "v19.2", "h-259.2", "v-76.8" ] ],
    [ "bb1:19b.j", "bb2:20t.a", "green", [ "v9.6", "h-211.2", "v-67.2" ] ],
    [ "bb1:18b.j", "bb2:19t.a", "blue", [ "v57.6", "h-192", "v-124.8" ] ],
    [ "bb1:20t.a", "bb2:18t.a", "violet", [ "v-67.2", "h-249.6", "v96" ] ],
    [ "bb1:22b.j", "bb2:16t.a", "gray", [ "v67.2", "h-288", "v-163.2" ] ],
    [ "bb1:20b.j", "bb2:15t.a", "white", [ "v76.8", "h-288", "v-182.4" ] ],
    [ "bb1:23b.j", "bb2:14t.a", "purple", [ "v86.4", "h-336", "v-201.6" ] ],
    [ "bb1:22t.a", "bb2:13t.a", "magenta", [ "v-76.8", "h-278.4", "v48" ] ],
    [ "bb1:21t.a", "bb2:11t.a", "limegreen", [ "v-86.4", "h-278.4", "v9.6" ] ],
    [ "bb1:18t.a", "bb2:10t.a", "cyan", [ "v-96", "h-259.2", "v38.4" ] ],
    [ "bb1:51t.e", "bb1:51b.f", "red", [ "v0" ] ],
    [ "bb1:51b.j", "bb1:bp.41", "red", [ "v0" ] ],
    [ "bb1:57t.e", "bb1:57b.f", "red", [ "v0" ] ],
    [ "bb1:57b.j", "bb1:bp.46", "red", [ "v0" ] ],
    [ "bb1:41t.c", "bb1:43t.c", "gold", [ "v0" ] ],
    [ "bb1:48t.c", "bb1:44t.c", "blue", [ "v0" ] ],
    [ "bb1:56t.d", "bb1:45t.d", "cyan", [ "v0" ] ],
    [ "bb2:15b.j", "bb1:44b.j", "green", [ "h-76.8", "v220.8", "h844.8" ] ],
    [ "bb2:5b.j", "bb1:35b.j", "orange", [ "h-86.4", "v326.4", "h768" ] ],
    [ "bb1:50t.e", "bb1:50b.f", "black", [ "v0" ] ],
    [ "bb1:50b.j", "bb1:bn.40", "black", [ "v0" ] ],
    [ "bb1:58t.e", "bb1:58b.f", "black", [ "v0" ] ],
    [ "bb1:58b.j", "bb1:bn.47", "black", [ "v0" ] ],
    [ "bb1:tn.25", "bb1:33t.a", "green", [ "v9.5", "h18.4" ] ],
    [ "bb1:39t.d", "bb1:37b.f", "red", [ "h-19.2", "v38.4" ] ],
    [ "bb1:37b.j", "bb1:bp.30", "red", [ "v0" ] ],
    [ "pot1:GND", "bb1:tn.27", "black", [ "v-5.2", "h-28.8" ] ],
    [ "pot1:VCC", "bb1:39t.b", "", [ "$bb" ] ],
    [ "pot1:SIG", "bb1:41t.b", "", [ "$bb" ] ],
    [ "ldr1:VCC", "bb1:51t.b", "", [ "$bb" ] ],
    [ "ldr1:GND", "bb1:50t.b", "", [ "$bb" ] ],
    [ "ldr1:DO", "bb1:49t.b", "", [ "$bb" ] ],
    [ "ldr1:AO", "bb1:48t.b", "", [ "$bb" ] ],
    [ "btn1:1.l", "bb1:35t.c", "", [ "$bb" ] ],
    [ "btn1:2.l", "bb1:33t.c", "", [ "$bb" ] ],
    [ "btn1:1.r", "bb1:35b.h", "", [ "$bb" ] ],
    [ "btn1:2.r", "bb1:33b.h", "", [ "$bb" ] ],
    [ "sevseg1:A", "bb1:19t.c", "", [ "$bb" ] ],
    [ "sevseg1:B", "bb1:23t.c", "", [ "$bb" ] ],
    [ "sevseg1:C", "bb1:21b.h", "", [ "$bb" ] ],
    [ "sevseg1:D", "bb1:19b.h", "", [ "$bb" ] ],
    [ "sevseg1:E", "bb1:18b.h", "", [ "$bb" ] ],
    [ "sevseg1:F", "bb1:20t.c", "", [ "$bb" ] ],
    [ "sevseg1:G", "bb1:22b.h", "", [ "$bb" ] ],
    [ "sevseg1:DP", "bb1:20b.h", "", [ "$bb" ] ],
    [ "sevseg1:DIG1", "bb1:18t.c", "", [ "$bb" ] ],
    [ "sevseg1:DIG2", "bb1:21t.c", "", [ "$bb" ] ],
    [ "sevseg1:DIG3", "bb1:22t.c", "", [ "$bb" ] ],
    [ "sevseg1:DIG4", "bb1:23b.h", "", [ "$bb" ] ],
    [ "sevseg1:COM", "bb1:24b.h", "", [ "$bb" ] ],
    [ "sevseg1:CLN", "bb1:24t.c", "", [ "$bb" ] ],
    [ "bb2:20b.j", "bb2:bp.16", "red", [ "h0" ] ],
    [ "pico:GP0", "bb2:24t.c", "", [ "$bb" ] ],
    [ "pico:GP1", "bb2:23t.c", "", [ "$bb" ] ],
    [ "pico:GND.1", "bb2:22t.c", "", [ "$bb" ] ],
    [ "pico:GP2", "bb2:21t.c", "", [ "$bb" ] ],
    [ "pico:GP3", "bb2:20t.c", "", [ "$bb" ] ],
    [ "pico:GP4", "bb2:19t.c", "", [ "$bb" ] ],
    [ "pico:GP5", "bb2:18t.c", "", [ "$bb" ] ],
    [ "pico:GND.2", "bb2:17t.c", "", [ "$bb" ] ],
    [ "pico:GP6", "bb2:16t.c", "", [ "$bb" ] ],
    [ "pico:GP7", "bb2:15t.c", "", [ "$bb" ] ],
    [ "pico:GP8", "bb2:14t.c", "", [ "$bb" ] ],
    [ "pico:GP9", "bb2:13t.c", "", [ "$bb" ] ],
    [ "pico:GND.3", "bb2:12t.c", "", [ "$bb" ] ],
    [ "pico:GP10", "bb2:11t.c", "", [ "$bb" ] ],
    [ "pico:GP11", "bb2:10t.c", "", [ "$bb" ] ],
    [ "pico:GP12", "bb2:9t.c", "", [ "$bb" ] ],
    [ "pico:GP13", "bb2:8t.c", "", [ "$bb" ] ],
    [ "pico:GND.4", "bb2:7t.c", "", [ "$bb" ] ],
    [ "pico:GP14", "bb2:6t.c", "", [ "$bb" ] ],
    [ "pico:GP15", "bb2:5t.c", "", [ "$bb" ] ],
    [ "pico:GP16", "bb2:5b.h", "", [ "$bb" ] ],
    [ "pico:GP17", "bb2:6b.h", "", [ "$bb" ] ],
    [ "pico:GND.5", "bb2:7b.h", "", [ "$bb" ] ],
    [ "pico:GP18", "bb2:8b.h", "", [ "$bb" ] ],
    [ "pico:GP19", "bb2:9b.h", "", [ "$bb" ] ],
    [ "pico:GP20", "bb2:10b.h", "", [ "$bb" ] ],
    [ "pico:GP21", "bb2:11b.h", "", [ "$bb" ] ],
    [ "pico:GND.6", "bb2:12b.h", "", [ "$bb" ] ],
    [ "pico:GP22", "bb2:13b.h", "", [ "$bb" ] ],
    [ "pico:RUN", "bb2:14b.h", "", [ "$bb" ] ],
    [ "pico:GP26", "bb2:15b.h", "", [ "$bb" ] ],
    [ "pico:GP27", "bb2:16b.h", "", [ "$bb" ] ],
    [ "pico:GND.7", "bb2:17b.h", "", [ "$bb" ] ],
    [ "pico:GP28", "bb2:18b.h", "", [ "$bb" ] ],
    [ "pico:ADC_VREF", "bb2:19b.h", "", [ "$bb" ] ],
    [ "pico:3V3", "bb2:20b.h", "", [ "$bb" ] ],
    [ "pico:3V3_EN", "bb2:21b.h", "", [ "$bb" ] ],
    [ "pico:GND.8", "bb2:22b.h", "", [ "$bb" ] ],
    [ "pico:VSYS", "bb2:23b.h", "", [ "$bb" ] ],
    [ "pico:VBUS", "bb2:24b.h", "", [ "$bb" ] ],
    [ "bb1:45t.e", "bb1:44b.f", "green", [ "v19.2", "h-9.6" ] ],
    [ "ntc1:GND", "bb1:58t.b", "", [ "$bb" ] ],
    [ "ntc1:VCC", "bb1:57t.b", "", [ "$bb" ] ],
    [ "ntc1:OUT", "bb1:56t.b", "", [ "$bb" ] ]
  ],
  "dependencies": {}
}